ymd	no	display_link	title	link	snippet
20191028	1	www.youtube.com	【音ゲー】ゲーセンで大運動!?DDRとポップンミュージックを貸切りプレイ ...	https://www.youtube.com/watch?v=LwouCLQDV1c	2019年4月6日 ... あけとれ部 @タイトーステーション新宿南口ゲームワールド 2017年11月3日 今回はDDRとポップンミュージックを皆で貸切りプレイ!! ゲームセンターなのに踊りに踊って汗だくに・・・ 運動の秋とも言いますから少しは健康的に音ゲーを楽し...
20191028	2	www.youtube.com	音ゲープロ＆大会優勝者が大集合！この磨き上げられた手さばきを刮目 ...	https://www.youtube.com/watch?v=1fjfbwoE5zU	2018年5月10日 ... 音ゲープロ＆大会優勝者が大集合！この磨き上げられた手さばきを刮目せよ！【BEMANI大乱闘その１～ポップンミュージック編】. CO-DAのぐっばいちゃんねる! .... 凄すぎる超豪華メンバーで音ゲー対決！【BEMANI大乱闘その２～サウンド ...
20191028	3	www.youtube.com	【ポップン】CO-DA RAPなあの3曲をゲーセンでプレイしてきたよ  【音ゲー ...	https://www.youtube.com/watch?v=f1iGO-ZSoAw	2016年3月27日 ... どうも、CO-DA（コーダ）です！ ポップンミュージックポータブル実況から約5年！ 実はゲーセンのポップンのプレイ姿は初めて見せるんじゃないかな？ 今のポップンはこんな感じなんだよ〜ってのも紹介しつつのプレイです！！ 撮影 ...
20191028	4	www.youtube.com	懐かしの音ゲー ポップンステージex We two are one - YouTube	https://www.youtube.com/watch?v=bK7t6BnFOY8	2012年12月14日 ... http://www.konami.jp/bemani/popn/stage/ 「ポップンミュージックの新展開！今度は全身パーティータイム！」 kid's US LAND 港北みなも店にて2012.9/17撮影 現存する筐体は2店舗 ・西友 富谷店（宮城県）の生存確認者いませんか？
20191028	5	www.youtube.com	ポップン パラボラ【音ゲー用】 - YouTube	https://www.youtube.com/watch?v=saowwl4Ogd0	Jan 27, 2015 ... 色々省略.
20191028	6	www.youtube.com	【音ゲー】ポップンミュージック ピース - YouTube	https://www.youtube.com/watch?v=vQPpUDomSy0	2018年12月2日 ... ポップンミュージックの最新版です。 チャンネル登録お願いします！動画制作の励みになります！ http://www.youtube.com/channel/UCYFiPd3FukrmNJa3pfIKf-Q?sub_confirmation=1 【ゲーム実況Ch】メエプルラボ↓ ...
20191028	7	www.youtube.com	EPIC PROG 「量子の海のリントヴルム」 - YouTube	https://www.youtube.com/watch?v=L7n94iPbFV8	2013年6月27日 ... Mix - EPIC PROG 「量子の海のリントヴルム」YouTube; 407 videos Play all ポップンミュージック (pop'n music) BGM playlist (音ゲー作業用名曲メドレー) (KYO213)KYO213. Relaxing Jazz & Bossa Nova Music Radio - 24/7 Chill Out ...
20191028	8	www.youtube.com	ポップンミュージック (pop'n music) BGM playlist (音ゲー作業用名曲 ...	https://www.youtube.com/playlist?list=PL5FF4D11B21AB35DA	2018.11.10 一部の曲(人気曲等)を上に上げました。 理由：https://www.youtube.com/user/dosseisan/about?disable_polymer=1 ◎原則、曲を一通り聴いた上で気に入ったものを、このリストに入れています。 ◇KYO213制作の他のリスト (一部抜粋) ...
20191028	9	www.youtube.com	HEART 「Pink Rose LONG」 - YouTube	https://www.youtube.com/watch?v=qaavRS_XnhM	Dec 20, 2012 ... 407 videos Play all ポップンミュージック (pop'n music) BGM playlist (音ゲー作業用名曲メドレー) (KYO213)KYO213. DARKNESS 2 「禁じられた契約 ＬＯＮＧ」 - Duration: 4:28. TeirusuFX 789,576 views · 4:28 · CORE GROOVE 「THE ...
20191028	10	www.youtube.com	QuoN	https://www.youtube.com/watch?v=RK0fDXjUqlY	2014年12月27日 ... Disclaimer: All copyrights on this song belong to Konami and the great artists that made it. I, TeirusuFX, have no ownership over this audio; and I will not ...
20191028	11	www.youtube.com	達見 恵 featured by 佐野宏晃 [HD] 「つぼみ LONG」 - YouTube	https://www.youtube.com/watch?v=SQH5L4WiobM	2014年12月19日 ... 407 videos Play all ポップンミュージック (pop'n music) BGM playlist (音ゲー作業用名曲メドレー) (KYO213)KYO213 · マッカチン企画 feat.sisi [HD] 「そこに或るヒカリ ＬＯＮＧ」 - Duration: 4:54. TeirusuFX 36,476 views · 4:54. Play next ...
20191028	12	www.youtube.com	豪華メンバーによる春のBEMANI大乱闘その1 ～ポップンミュージック編 ...	https://www.youtube.com/watch?v=7yJPqMTZj4c	2018年5月15日 ... ここ最近ボルテ実況や例大祭などでお世話になっているCO-DAさんとまさかのコラボ企画をさせて頂くことになりました！ 今回はそのコラボ企画「BEMANI大乱闘」の第1弾！ ～ポップンミュージック編～です！ BEMANI大乱闘という事で、今回 ...
20191028	13	www.youtube.com	【音ゲー企画】音ゲーでゲーセンを盛り上げろ！ポップン133譜面金AAA ...	https://www.youtube.com/watch?v=6fZmIyBcS-Y	2017年7月7日 ... ポップンミュージックでLv40以上133譜面をパーフェクトかつＡＡＡ以上取っていきます！ 別企画:【音ゲー企画】ポップ君叩き尽くし！？音ゲーでゲーセンを盛り上げろ！ https://youtu.be/KBXEZZsdX1Q 次回:お気に入り登録しておいてください ...
20191028	14	www.youtube.com	【音ゲー】ポップンミュージック2 - YouTube	https://www.youtube.com/watch?v=5V55i0tNj74	2018年11月8日 ... 古いポップンミュージックです。 チャンネル登録お願いします！動画制作の励みになります！ http://www.youtube.com/channel/UCYFiPd3FukrmNJa3pfIKf-Q?sub_confirmation=1 【ゲーム実況Ch】メエプルラボ↓ https://www.youtube.c...
20191028	15	www.youtube.com	ZEN-JAZZ 「明鏡止水」 - YouTube	https://www.youtube.com/watch?v=yZ0Rtk9iH0M	2010年6月10日 ... Disclaimer: This song is copyrighted by Konami, therefore, I do not own this audio. ~~~ Song Name: 明鏡止水 [Meikyoushisui] Artist: TOMOSUKE feat.あさき Genre: ZEN-...
20191028	16	www.youtube.com	SPIRAL STAIRS 「BabeL ～Grand Story～」	https://www.youtube.com/watch?v=WgKFyfw_16A	2011年7月8日 ... Disclaimer: This song is copyrighted by Konami, therefore, I do not own this audio. No download link for Pop'n 19 songs! ~~~ Song Name: BabeL ～Grand Story～ A...
20191028	17	www.youtube.com	SCIENCE POP 「恋はどう？モロ  波動OK  方程式！！」 - YouTube	https://www.youtube.com/watch?v=GZ0ZJAxnUc0	2012年7月27日 ... Disclaimer: This song is copyrighted by Konami, therefore, I do not own this audio. First song of the pop'n 20 OST uploads! And yes, it has to be this song. ...
20191028	18	www.youtube.com	Pop'n music 19 Tune Street - Remain	https://www.youtube.com/watch?v=uxZYytZgVjw	2011年6月29日 ... 407 videos Play all ポップンミュージック (pop'n music) BGM playlist (音ゲー作業用名曲メドレー) (KYO213)KYO213 · JoJos Bizarre Adventure Full OP 1-9 - Duration: 34:44. J Undead 402,342 views · 34:44. Play next; Play now.
20191028	19	www.youtube.com	【ポップンお絵描き】10カウントイラストチャレンジ！【音ゲー】 - YouTube	https://www.youtube.com/watch?v=yGs5TqDWD7U	2017年1月19日 ... どーも、たっしです(。・_・。)ノ 今回は10秒でどれだけのイラストを描けるかの挑戦になります え？本家に5秒のヤツがある？(゜▽゜？) チャレンジャー：たっし 協力 ゲスト：Mad Kong Twitter @tas_uh e-Amu たっし.
20191028	20	www.youtube.com	【音ゲー】【作業用BGM】中二病が好きそうな曲5選、ポップン、太鼓の達人 ...	https://www.youtube.com/watch?v=GScftQQgI14	2019年9月27日 ... LOVE IS ORANGE hyper Fantasia ユウガオノキミ 情操ディストピア healequin チャンネル登録お願いいたします→ http://urx2.nu/zY9w?sub_confirmation=1 Twitter毎日面白い呟きしてるのでフォローお願いします→ http://twitte...
20191028	21	www.youtube.com	LOVELY TRANS POP 「虹色」 - YouTube	https://www.youtube.com/watch?v=1hVh5eoDSms	2011年1月17日 ... Disclaimer: This song is copyrighted by Konami, therefore, I do not own this audio. Requested by Mergez01. ~~~ Song Name: 虹色 [Nijiiro] (Rainbow Hue) Artist: ...
20191028	22	www.youtube.com	[ポップン]Lv45 君の音とAuftakt EX - YouTube	https://www.youtube.com/watch?v=ahtRML_mBFc	2016年12月13日 ... red glasses feat. 井ノ上奈々 pop'n music うさぎとねこと少年の夢.
20191028	23	www.youtube.com	ポプ 5ボタンと9ボタン(初) - YouTube	https://www.youtube.com/watch?v=RZze1TDDO_o	2008年6月26日 ... Bob Ross - Snowy Morn (Season 19 Episode 4) - Duration: 27:34. Bob Ross 2,245,181 views · 27:34. 【SDVX】音ゲープロのDOLCE.さんとボルテ対決したら凄すぎたｗコーダのボルテ実況 Part6【音ゲー】 - Duration: 14:19. CO-DAの ...
20191028	24	www.youtube.com	SUPER SPLASH TUNE 「MANA」	https://www.youtube.com/watch?v=pdZ2JcVX_m0	2012年8月1日 ... Disclaimer: This song is copyrighted by Konami, therefore, I do not own this audio. ~~~ Song Name: MANA Artist: DJ YOSHITAKA Genre: SUPER SPLASH TUNE Game th...
20191028	25	www.youtube.com	【ポップンカード】スペシャルコード視聴者プレゼントォ！？【音ゲー ...	https://www.youtube.com/watch?v=-4QJdrjoEfc	2016年10月3日 ... 今回もポップンミュージックカード エクラルvol3をガチャって来ました！ 今回は視聴者プレゼントできるようにスペシャルコードが出るまでガチャりました！ 良かったらご使用ください ※注意※ ポップンカードに記載されてある、パスワード、ラッキ ...
20191028	26	www.youtube.com	Dream＆Hope 音ゲー得意じゃない俺たちでポップン実況プレイ！！ part2	https://www.youtube.com/watch?v=mgYC-mfP0UQ	2011年9月5日 ... どうもDream＆Hopeです(*^。^*) またポップンやってみましたｗ 見苦しいプレイですいませんm(__)m.
20191028	27	www.youtube.com	【ポップン】サイレントEX フルコンボ - YouTube	https://www.youtube.com/watch?v=Whf9SDgbSJo	2014年12月16日 ... player:DA-SU ラス殺しの餡蜜譜面→https://photos.app.goo.gl/GFzUodxliWAJriIV2 音楽 SILENT フルコン FULL COMBO.
20191028	28	www.youtube.com	ポップンミュージックAC19 恋しさとせつなさと心強さと 【EX】 - YouTube	https://www.youtube.com/watch?v=TFJNX0IHJaQ	2011年12月27日 ... masaru「キャラクターのネタわからなかった人はごめんなさい。」 世代じゃないけど分かりますよ・・・はどぉけん！たつまっぐはっ←いつものパターン スト4持ってますからね一応。でもハッキリと自分には音ゲーしかないと改めて考えるハメになり ...
20191028	29	www.youtube.com	[ポップン]Lv47 キルト(Patchworker RMX) EX - YouTube	https://www.youtube.com/watch?v=z7GKRt2bDYI	2017年4月6日 ... 280 videos Play all 音ゲーizumin LAL. 【新】太鼓の達人の歴代最難関曲を繋げてみた【配布あり】 - Duration: 7:22. dolphin you 2,593,301 views · 7:22 · 8thKAC NOSTALGIA(ノスタルジア) 決勝戦(REMILIAさん) 抜粋 - Duration: 8:13.
20191028	30	www.youtube.com	PUPCORE [HD] 「ポチコの幸せな日常 LONG」 - YouTube	https://www.youtube.com/watch?v=dCPza-8_-q8	2014年3月11日 ... 407 videos Play all ポップンミュージック (pop'n music) BGM playlist (音ゲー作業用名曲メドレー) (KYO213)KYO213 · 胸キュン☆マーブル [HD] 「ぶきように恋してる～true appearance edition～」 - Duration: 4:32. TeirusuFX 344,651 ...
20191028	31	www.youtube.com	BEMANI生放送（仮）ポップンミュージック感謝祭 pop'n music ...	https://www.youtube.com/watch?v=CU3ZnEhGYs4	2014年6月7日 ... BEMANI生放送（仮）ポップンミュージック感謝祭 pop'n music ラピストリア 特別授業. 21K views. 129. 8. Share. Save. Report. KONAMI official. 300K subscribers. Subscribe. 12:43 · Shocking Easter Eggs in Kid Games Analyzed & ...
20191028	32	www.youtube.com	PON - Howling - YouTube	https://www.youtube.com/watch?v=7xL644Fz8Ow	Mar 3, 2013 ... 407 videos Play all ポップンミュージック (pop'n music) BGM playlist (音ゲー作業用名曲メドレー) (KYO213)KYO213. Buena Vista Social Club - Full album - Duration: 1:00:02. World Circuit Records 64,823,959 views · 1:00:02.
20191028	33	www.youtube.com	【ポップン】L-an!ma(Ex/Lv.50)クリア - YouTube	https://www.youtube.com/watch?v=60s1p-K9L_Y	2019年8月6日 ... 三田皓介チャンネルは、 音ゲーの縛りプレイ変則プレイ動画をメインとして、 色々なことにチャレンジしているチャンネルです！ よろしければチャンネル登録お願いします＜(＿ ＿)＞ Player:三田皓介(KO,っこ) twitter: @MitaKousuke ...
20191028	34	www.youtube.com	【ポップンカード？】駿河屋で購入したポップンカード紹介【前編】【音ゲー ...	https://www.youtube.com/watch?v=KyKP4hAFG9g	2016年11月10日 ... 今回はいつもと違うポップンカードの紹介です！ ついに！手にいれました！ 『ポップンミュージックカードゲーム』 かなり楽しみにしておりました(笑) Twitter @tas_uh.
20191028	35	www.youtube.com	[ポップン]Lv48 Puberty Dysthymia EX - YouTube	https://www.youtube.com/watch?v=2HpjcPDNU0g	2018年8月23日 ... pop'n music うさぎと猫と少年の夢 BEMANI SUMMER GREETINGS Akhuta.
20191028	36	www.youtube.com	[ポップン]Lv38 マトリョシカ EX - YouTube	https://www.youtube.com/watch?v=x9agi1_Ca60	2017年3月29日 ... [ポップン]Lv38 マトリョシカ EX. PURURUN1210. Loading... Unsubscribe from PURURUN1210? Cancel .... 【音ゲー】不気味&怖い曲ランキングTOP5！！！あなたは最後まで見れますか？ - Duration: 9:05. RUUMA/るうま. 617,169 ...
20191028	37	www.youtube.com	[ポップン]Lv43 ゴエモン／がんばれゴエモンメドレー EX - YouTube	https://www.youtube.com/watch?v=kSRg1sQGbzw	2017年3月1日 ... pop'n music.
20191028	38	www.youtube.com	【ポップンカード】エクラルvol3未入手カードを大量ゲット！【音ゲー ...	https://www.youtube.com/watch?v=QYJno_wo8vE	2016年12月12日 ... どーも、たっしです やっと新規カードを入手しました！ しかも大量に……(笑) ※プレゼント※ ポップンカードに記載されてある、パスワード、ラッキコード及びスペシャルコードはご自由にご使用ください。スペシャルコード及びラッキーコードは先着 ...
20191028	39	www.youtube.com	【10ｶｳﾝﾄｲﾗｽﾄｸｲｽﾞ】とんでもない絵のポップンキャラ！【音ゲー】 - YouTube	https://www.youtube.com/watch?v=OfPr1FWAeXM	2017年2月5日 ... どーも、たっしです(。・_・。)ノ 今回は10ｶｳﾝﾄｲﾗｽﾄｸｲｽﾞです 10秒で描かれたイラストが何なのかを当てる企画です！ MadKongさんの絵心に注目です イラスト:MadKong 解答者:たっし Twitter @tas_uh e-Amu たっし.
20191028	40	www.youtube.com	HYPER MASQUERADE	https://www.youtube.com/watch?v=xO5kEeTErPo	2011年9月7日 ... Disclaimer: This song is copyrighted by Konami, therefore, I do not own this audio. Full version from ЁVOLUTIΦN album. THIS SONG IS AVAILABLE ON ITUNES. BUY ...
20191028	41	www.youtube.com	音ゲー	https://www.youtube.com/watch?v=sWqMXv9jW3Y	2016年11月20日 ... そして、ついに新規カード登場 めちゃくちゃ可愛いです ※プレゼント※ ポップンカードに記載されてある、パスワード、ラッキコード及びスペシャルコードはご自由にご使用ください。スペシャルコード及びラッキーコードは先着になりますのでご了承 ...
20191028	42	www.youtube.com	［ポップン] ジャパニーズレゲエ 晴香-HARUKA- EX - YouTube	https://www.youtube.com/watch?v=qtPGKrrgoow	2015年11月27日 ... ポップンプレイ動画です。 CSポップン14より移植です。 もう移植は困難だと思っていたのでここで移植されたのはすごくうれしい！！ 自分はポップンCS12から音ゲー始めているのでCSのポップン曲の思い入れは特にあります。 当時はよしくん ...
20191028	43	www.youtube.com	[ポップン]Lv47 Fate No.23 EX - YouTube	https://www.youtube.com/watch?v=fBgDtfAQd8M	2016年6月2日 ... [ポップン]Lv47 Fate No.23 EX. PURURUN1210. Loading... Unsubscribe .... 410 videos Play all ポップンミュージック (pop'n music) BGM playlist (音ゲー作業用名曲メドレー) (KYO213)KYO213. nicche - Duration: 3:45. gomuatama ...
20191028	44	www.youtube.com	[ポップン]Lv47 The last of world music EX - YouTube	https://www.youtube.com/watch?v=qQWitj7pqmM	2017年12月25日 ... [ポップン]Lv47 The last of world music EX. PURURUN1210. Loading. ... 410 videos Play all ポップンミュージック (pop'n music) BGM playlist (音ゲー作業用名曲メドレー) (KYO213)KYO213 · 【コメ付き】TASさん同士のぷよぷよがハイ ...
20191028	45	www.youtube.com	onoken [HD] 「ZADAMGA」 - YouTube	https://www.youtube.com/watch?v=Fs9qD34S4VU	Aug 7, 2015 ... Disclaimer: All copyrights on this song belong to Konami and the great artists that made it. I, TeirusuFX, have no ownership over this audio; and I will not ...
20191028	46	www.youtube.com	[ポップン]Lv48 the Chameleon EX - YouTube	https://www.youtube.com/watch?v=U0HYAHaQx8Y	2017年12月24日 ... [ポップン]Lv48 the Chameleon EX. PURURUN1210. Loading... Unsubscribe ... 410 videos Play all ポップンミュージック (pop'n music) BGM playlist (音ゲー作業用名曲メドレー) (KYO213)KYO213 · 本気を出したグラディウスのボス達 ...
20191028	47	www.youtube.com	GIRLHOOD 「ロクブテ」 - YouTube	https://www.youtube.com/watch?v=EomstlYsqSw	2010年5月21日 ... Disclaimer: This song is copyrighted by Konami, therefore, I do not own this audio. Requested by SoutaXFukami. ~~~ Song Name: ロクブテ Artist: 水玉フミッパーズ Genre: GI...
20191028	48	www.youtube.com	【ポップン】ヒルビリーEX 2.5速 - YouTube	https://www.youtube.com/watch?v=DLd-w3r4EGM	2011年3月17日 ... 【ポップン】ヒルビリーEX 2.5速. nore1en. Loading... Unsubscribe from ... 410 videos Play all ポップンミュージック (pop'n music) BGM playlist (音ゲー作業用名曲メドレー) (KYO213)KYO213. 初代ビートマニア ボス曲集（アナザー除く） ...
20191028	49	www.youtube.com	【ポップン】ハッピーEX 3.5速 - YouTube	https://www.youtube.com/watch?v=cS6F-kQI1y8	2013年1月19日 ... 47のフルコンより、45以下のパフェの方が難しいあたり 自分もまだまだ随分と雑なプレイをしてるんだなぁと おかげで、未だにスノーウィーコアがアップ出来てないですｗ つぎドカ曲の中で一番選曲率高いんじゃぁ... アップした ...
20191028	50	www.youtube.com	手に注目！音ゲー 早技 ゲーム music game 速すぎて手が見えないよ。I ...	https://www.youtube.com/watch?v=wFjekmU-iXU	2016年3月25日 ... コナミ 音ゲー ゲームセンターでポップンミュージックワールド pop'nmusic WORLDに挑戦している彼はたたくのが速すぎて手が見えません。 He does not see the hand is too fast to hit that challenge at Konami sound game gam...
20191028	51	www.youtube.com	[ポップン] アリプロ(ALIPRO) 愛と誠 EX - YouTube	https://www.youtube.com/watch?v=ujV3D-H6sCg	2017年10月4日 ... [pop'n music 14 FEVER] LV44.
20191028	52	www.youtube.com	[ポップン]Lv49 C18H27NO3 EX - YouTube	https://www.youtube.com/watch?v=lruZp-B5ddE	2013年10月15日 ... ニエンテの同時押しの練習にいけるかなー？と思ってヒプロ3と共によくやってます ニエは癖ついて絶賛放置中ですが...(∩;)
20191028	53	www.youtube.com	pop'n music うさぎと猫と少年の夢 「君の音とAuftakt」 - YouTube	https://www.youtube.com/watch?v=CueA91ZVV1g	2016年12月14日 ... Song name: 君の音とAuftakt (Kimi no oto to Auftakt) Artist: red glasses feat.井ノ上奈々 ... Play next; Play now. 410 videos Play all ポップンミュージック (pop'n music) BGM playlist (音ゲー作業用名曲メドレー) (KYO213)KYO213.
20191028	54	www.youtube.com	【流星フェスタ】 Angelic Jelly / t+pazolite - YouTube	https://www.youtube.com/watch?v=8dur_w5XkQc	2016年8月10日 ... 407 videos Play all ポップンミュージック (pop'n music) BGM playlist (音ゲー作業用名曲メドレー) (KYO213)KYO213 · 【Rb groovin'!! Upper】 伐折羅-vajra- / DJ TOTTO VS 兎々 - Duration: 2:07. Master2Unknown 376,735 views.
20191028	55	www.youtube.com	HYDRO CORE [HD] 「海神」 - YouTube	https://www.youtube.com/watch?v=mYoEmh9x8Po	2014年12月19日 ... 407 videos Play all ポップンミュージック (pop'n music) BGM playlist (音ゲー作業用名曲メドレー) (KYO213)KYO213 · Guardians of the Galaxy: Awesome Mix Vol. 1 & Vol. 2 (Full Soundtrack) - Duration: 1:34:37. Alexander Alayı ...
20191028	56	www.youtube.com	キルト 高音質 - YouTube	https://www.youtube.com/watch?v=k-I78J3upTs	2011年9月5日 ... 407 videos Play all ポップンミュージック (pop'n music) BGM playlist (音ゲー作業用名曲メドレー) (KYO213)KYO213 · 【東方Vocal／Traditional Rock】 「心綺楼」 「凋叶棕」 【ENG Subs】 - Duration: 7:21. Phoenix Kappashiro 2,550,566 ...
20191028	57	www.youtube.com	イエロー玄人によるポップンの手の動きが凄すぎる！！！【ポップン ...	https://www.youtube.com/watch?v=mW-ZiscLstE	2018年4月12日 ... 僕は音ゲーに関する色んな動画を出しています❗️ 現在やっている音ゲー ・太鼓の達人 ・デレステ ・バンドリ！ガルパ！ 主にこの3つをやっていますが、 他にも色んな音ゲーをやってます！ 動画が面白かったら チャンネル登録よろしくお願いし ...
20191028	58	www.youtube.com	【音ゲー神業】この激ウマプレイを見てくれ！【BEMANI大乱闘その3 ...	https://www.youtube.com/watch?v=YUYa00KVZoA	2018年7月9日 ... DOLCE.さんのチャンネルはこちら！↓ https://www.youtube.com/channel/UCVbTqPzmorYfPotO6IMelkA ◇みなさんのTwitterアカウントはこちら！↓ DOLCE.さん：https://twitter.com/dolce_iwate TATSUさん：http...
20191028	59	www.youtube.com	jubeat 朧 full 歌詞付き - YouTube	https://www.youtube.com/watch?v=eCR1_VPVBgw	2013年11月2日 ... 407 videos Play all ポップンミュージック (pop'n music) BGM playlist (音ゲー作業用名曲メドレー) (KYO213)KYO213 · Ha・lle・lu・jah (extend ver.)/SOUND HOLIC feat. Nana Takahashi - Duration: 4:22. ゾロ杰 111,438 views · 4:22.
20191028	60	www.youtube.com	【音ゲー視聴者リクエスト #2】劇的ビフォーアフターの結末【ポップン20周年】	https://www.youtube.com/watch?v=Zz5IUXzShnw	2018年9月28日 ... お祝い動画がこんな感じで良いのだろうか・・・？ ポップン動画マイリストはこちら：https://www.youtube.com/playlist?list=PL5rKdP3wA0gd3uArjVA2Ay5cPzJfMmOG3 プレイ店舗：WAVE豊川白鳥店 プレイ楽曲：激走！！ヤング☆ダンプ！
20191028	61	www.youtube.com	ポップンミュージックAC19 アルクアラウンド 【EX】 - YouTube	https://www.youtube.com/watch?v=4PMQj7tX864	2012年1月4日 ... wac「デジタルと程よい距離感の付き合いをしているカッコイイ人たちです。」 サカナクションの事ですよね わくわくさんはなんというかこんな曲作りそうですからね 親近感あるのかな どうでもいいですが指の方でエクセ狙ってますなう.
20191028	62	www.youtube.com	WARABE STEP [HD] 「コドモライブ LONG」 - YouTube	https://www.youtube.com/watch?v=RSFxU6PDzqw	2013年7月18日 ... 410 videos Play all ポップンミュージック (pop'n music) BGM playlist (音ゲー作業用名曲メドレー) (KYO213)KYO213. NOMADIC NATION [HD] 「カラルの月 ＬＯＮＧ」 - Duration: 5:03. TeirusuFX 234,848 views · 5:03 · DJ Mass MAD ...
20191028	63	www.youtube.com	TRADITIONAL ROOTS 「荒城メランコリー」 - YouTube	https://www.youtube.com/watch?v=yKq1bnqrC7s	2012年8月2日 ... Disclaimer: This song is copyrighted by Konami, therefore, I do not own this audio. ~~~ Song Name: 荒城メランコリー [Koujou Melancholy] Artist: 劇団レコード feat.Mille Fac...
20191028	64	www.youtube.com	[HD] SPIEGEL 「水鏡 LONG」 - YouTube	https://www.youtube.com/watch?v=_eRAYN6OKxU	2014年12月27日 ... 407 videos Play all ポップンミュージック (pop'n music) BGM playlist (音ゲー作業用名曲メドレー) (KYO213)KYO213. 撫子メタル 「黒髪乱れし修羅となりて ＬＯＮＧ」 - Duration: 3:31. TeirusuFX 2,046,241 views · 3:31 · NU-KO [HD] 「朱と ...
20191028	65	www.youtube.com	【ポップンカード】大切なカード達をファイルに入れる【音ゲー】 - YouTube	https://www.youtube.com/watch?v=AGBiUp8FfTU	2016年11月27日 ... どーも、たっしです(。・_・。)ノ 今回は増えすぎたポップンカードを整理するためにファイルを購入しました！ ただただカードをファイルに入れるだけの動画です(笑) Twitter @tas_uh.
20191028	66	www.youtube.com	ポップンミュージック 演説（EX） - YouTube	https://www.youtube.com/watch?v=0mqu3MHUXUs	2006年10月23日 ... ポップンミュージック 演説（EX）. dougahanako. Loading... Unsubscribe from ... 410 videos Play all ポップンミュージック (pop'n music) BGM playlist (音ゲー作業用名曲メドレー) (KYO213)KYO213 · 【限界突破】真っ黒ナイト・オブ・ナイツ【 ...
20191028	67	www.youtube.com	[ポップン]Lv43 Voices EX - YouTube	https://www.youtube.com/watch?v=vQOIHu-spvM	"2016年8月22日 ... 410 videos Play all ポップンミュージック (pop'n music) BGM playlist (音ゲー作業用名曲メドレー) (KYO213)KYO213 · nicche - Duration: 3:45. gomuatama 879,482 views · 3:45. 【作業用&譜面""観賞""用】歴代jubeatボス曲メドレー【 ..."
20191028	68	www.youtube.com	【ポップン】ビビッドEX 3.5速(再) - YouTube	https://www.youtube.com/watch?v=hgoDWInAyVk	2011年12月19日 ... 【ポップン】ビビッドEX 3.5速(再). nore1en. Loading... Unsubscribe from ... 410 videos Play all ポップンミュージック (pop'n music) BGM playlist (音ゲー作業用名曲メドレー) (KYO213)KYO213. 【コメ付き】TASさん同士のぷよぷよがハイ ...
20191028	69	www.youtube.com	pop'n music うさぎと猫と少年の夢 「アルレシャ」 - YouTube	https://www.youtube.com/watch?v=kD2EAT0kbjc	2016年12月14日 ... Song name: アルレシャ (Alrescha) Artist: 溟海ゾディアック Character: Pisce Playable in Pop'n Music うさぎと猫と少年の夢 No lyrics yet All rights to Konami.
20191028	70	www.youtube.com	【ポップン】ゾディアックオラクル7 EX 4.0速 - YouTube	https://www.youtube.com/watch?v=jEekfzVPdns	2013年1月6日 ... 【ポップン】ゾディアックオラクル7 EX 4.0速 ... 失礼ですが音ゲー歴何年くらいですか？ ... 覚え・慣れゲーってのもあるし、ボタンのメンテにかなり左右されるから自分は48トップクラスって程度に感じるんですが、 やっぱり大半の人には49に感じる ...
20191028	71	www.youtube.com	【単発】ポップンぱずるだま初見実況 - YouTube	https://www.youtube.com/watch?v=m5v9hrmzt5g	2017年9月22日 ... コナミの音ゲーポップンミュージックのパズルゲーム！ オンラインサービス終了してキャラ・アタックコンプリート不可能なこちらを２戦やりました。
20191028	72	www.youtube.com	[麻生猫]ポップンミュージック ラピストリア大会[店舗大会] - YouTube	https://www.youtube.com/watch?v=0OM4MOe4ETU	2015年5月2日 ... 本日の店舗大会はポップンミュージックラピストリアの店舗大会を行います！ 今回の大会はユーザー様企画 ... [麻生猫]ポップンミュージック ラピストリア大会[店舗大会]. キャッツアイ麻生店 ... 全日本音ゲー頂上決戦！！GROOVE COASTER( ...
20191028	73	www.youtube.com	【ポップンカード】【ジェネカ】【音ゲー】	https://www.youtube.com/watch?v=mnq7h1i0jgo	2017年12月13日 ... カードゲーム大好きな二人がポップンカードとジェネカを使って無理やりデュエルしてみました(笑) 俺ルール満載の茶番動画 ... 【ポップンデュエル】デュエリスト二人でポップンカードで無理やりデュエルしてみた【ポップンカード】【ジェネカ】【音ゲー】.
20191028	74	www.youtube.com	【ポップンカード】遂にあのカードが到着！【音ゲー】 - YouTube	https://www.youtube.com/watch?v=OJ9TNnMyCXY	2016年10月18日 ... 前回まんだらけさんで買いそびれたカードを購入しました やっぱり最高ですわ～ 【注意】 頂きましたイラストに誹謗中傷などは止めてくださいね ※プレゼント※ ポップンカードに記載されてある、パスワード、ラッキコード及びスペシャルコードはご ...
20191028	75	www.youtube.com	"【okailove】ポップンで魅せる""神""プレイ おまけで踊ってくれた - YouTube"	https://www.youtube.com/watch?v=NdBNkuZxUpM	2013年10月22日 ... 先日okailoveくんと丸々一日音ゲーマーとして遊んできました！ 太鼓だけだと思ってたらビーマニ系全般やってて一緒に盛り上がりました！ 遊びに集中しすぎてというかすごい楽しくて動画ほっとんど撮ってないけどこの時には私の好きな曲を ...
20191028	76	www.youtube.com	PRISM EURO [HD] 「7 Colors」	https://www.youtube.com/watch?v=33seaZR9Oh4	2014年3月15日 ... 410 videos Play all ポップンミュージック (pop'n music) BGM playlist (音ゲー作業用名曲メドレー) (KYO213)KYO213 · 【グランブルーファンタジー】『Parade's Lust』歌詞付き視聴動画 - Duration: 4:34. グランブルーファンタジー公式 ...
20191028	77	www.youtube.com	【ポップン】ムラクモ(Ex/Lv.50)クリア[少年は空を辿る] - YouTube	https://www.youtube.com/watch?v=Gb8L0B_AdtI	2019年8月1日 ... 三田皓介チャンネルは、 音ゲーの縛りプレイ変則プレイ動画をメインとして、 色々なことにチャレンジしているチャンネルです！ よろしければチャンネル登録お願いします＜(＿ ＿)＞ Player:三田皓介(KO,っこ) twitter: @MitaKousuke ...
20191028	78	www.youtube.com	BLOOD METAL [HD] 「IX」	https://www.youtube.com/watch?v=khJUxOrlDuQ	2014年3月16日 ... Disclaimer: All copyrights on this song belong to Konami and the great artists that made it. I, TeirusuFX, have no ownership over this audio; and I will not ...
20191028	79	www.youtube.com	m@sumi feat.TAKMA [HD] 「蒼い弓箭 LONG」 - YouTube	https://www.youtube.com/watch?v=wGGoImeDpiA	2015年8月3日 ... Disclaimer: All copyrights on this song belong to Konami and the great artists that made it. I, TeirusuFX, have no ownership over this audio; and I will not ...
20191028	80	www.youtube.com	[ポップン]Lv47 コアロック／へんたいトリロジー EX - YouTube	https://www.youtube.com/watch?v=RIOpf8cXfp0	2017年4月11日 ... [ポップン]Lv47 コアロック／へんたいトリロジー EX. PURURUN1210. Loading. ... 13:38. Play next; Play now. 410 videos Play all ポップンミュージック (pop'n music) BGM playlist (音ゲー作業用名曲メドレー) (KYO213)KYO213.
20191028	81	www.youtube.com	ファミコン風 ポップン:かるたクイーンいろは (in NES) - YouTube	https://www.youtube.com/watch?v=IY5mTLSVNLc	2016年7月23日 ... NES(8bit/chiptune) format music - Karuta-Queen IROHA (pop'n) 偽音ゲーシリーズ(Counterfeit BEMANI series) http://www.youtube.com/playlist?p=PLEA9791A2F0D56A1B.
20191028	82	www.youtube.com	[HD] EDGE 「雷君 LONG」 - YouTube	https://www.youtube.com/watch?v=EC6UAymQGS4	2014年12月28日 ... 407 videos Play all ポップンミュージック (pop'n music) BGM playlist (音ゲー作業用名曲メドレー) (KYO213)KYO213 · PON [HD] 「煌 -灼熱の裁き- ＬＯＮＧ」 - Duration: 4:01. TeirusuFX 71,477 views · 4:01. 撫子メタル 「黒髪乱れし修羅 ...
20191028	83	www.youtube.com	JUDGMENT 「終末を追う者」 - YouTube	https://www.youtube.com/watch?v=dzD-wNYv0ps	2013年7月18日 ... 407 videos Play all ポップンミュージック (pop'n music) BGM playlist (音ゲー作業用名曲メドレー) (KYO213)KYO213 · 【東方Vocal／Traditional Rock】 「心綺楼」 「凋叶棕」 【ENG Subs】 - Duration: 7:21. Phoenix Kappashiro 2,570,127 ...
20191028	84	www.youtube.com	DJ TOTTO feat. *spiLa* [HD] 「illumina」	https://www.youtube.com/watch?v=K7m7qbh2FzA	2014年12月28日 ... 407 videos Play all ポップンミュージック (pop'n music) BGM playlist (音ゲー作業用名曲メドレー) (KYO213)KYO213. 【jubeat prop】 glacia / DJ TOTTO - Duration: 1:59. Master2Unknown 451,717 views · 1:59 · 猫叉Master feat.
20191028	85	www.youtube.com	音ゲー	http://www.youtube.com/watch?v=mKJBM4pN6-Q	2016年10月11日 ... あさきさん、本当すんません(笑) どーもたっしです。 今回は始めての開封動画です！ まんだらけさん通販サイトでポップンカードを購入しました！ とにかくテンション上がってます(;´д｀) ※注意※ ポップンカードに記載されてある、パスワード、 ...
20191028	86	www.youtube.com	PATHETIC SKA [HD] 「流」 - YouTube	https://www.youtube.com/watch?v=5OJu6zHGPmw	2014年3月14日 ... Disclaimer: All copyrights on this song belong to Konami and the great artists that made it. I, TeirusuFX, have no ownership over this audio; and I will not ...
20191028	87	www.youtube.com	[製作物]ポップンコントローラとりあえず箱だけ作ってみた[音ゲー ...	https://www.youtube.com/watch?v=aUxDkc257NM	2018年9月17日 ... 配線は後々していこうと思います。
20191028	88	www.youtube.com	NIENTE 「neu LONG (音楽)」 - YouTube	https://www.youtube.com/watch?v=ESF-hVgJASU	2012年2月15日 ... 8:00辺りでムンチャが極小音で流れてるね. Read more. Show less. Reply .... PSP版ポップンでどうしてもニエンテの7Hが出来ない...orz. Read more. Show less. Reply 1 ... 音ゲー知らない人にも聞いてほしい！名曲メドレー（作業用BGM） ...
20191028	89	www.youtube.com	【ポップン】昭和ノワールEX 3.0速 - YouTube	https://www.youtube.com/watch?v=ojdujpuPwRc	2011年9月28日 ... 【ポップン】昭和ノワールEX 3.0速. nore1en. Loading... Unsubscribe from ... 410 videos Play all ポップンミュージック (pop'n music) BGM playlist (音ゲー作業用名曲メドレー) (KYO213)KYO213. SHOWA NOIR 「誰がために陽はのぼる」 ...
20191028	90	www.youtube.com	MODERN SKA 「夢について TYPE A」 - YouTube	https://www.youtube.com/watch?v=zHTdRNJbUCs	2011年7月6日 ... 407 videos Play all ポップンミュージック (pop'n music) BGM playlist (音ゲー作業用名曲メドレー) (KYO213)KYO213 · 【東方Vocal／Traditional Rock】 「心綺楼」 「凋叶棕」 【ENG Subs】 - Duration: 7:21. Phoenix Kappashiro 2,570,190 ...
20191028	91	www.youtube.com	HONKEY TONK 「遠く LONG」 - YouTube	https://www.youtube.com/watch?v=Lwo42RFXEJc	2010年4月6日 ... Disclaimer: This song is copyrighted by Konami, therefore, I do not own this audio. Requested by pat213101. No lyrics for this one! ~~~ Song Name: 遠く (ロングバージ...
20191028	92	www.youtube.com	【ポップン】幻想音樂EX 6.0速 - YouTube	https://www.youtube.com/watch?v=imrP8nvJFS4	2012年3月25日 ... 速い。全体的に上手くいってるんだけど 集中力が切れやすくて、最後ミスったのがちょっともったいない。
20191028	93	www.youtube.com	R-PLAY BATTLE 「バトル XIII LONG」 - YouTube	https://www.youtube.com/watch?v=LySc6TbaNJA	2009年10月22日 ... ポップンにクラシック 笑もっと評価されるべきですよね。聖剣・サガ・ ... イトケンの曲が音ゲーで遊べるなんて初めてプレイしたときは超興奮した ... イトケンのBGMはロマサガシリーズしか知らないけど、ポップンにあったのかと嬉しくなった。
20191028	94	www.youtube.com	[ポップン] nalca EX - YouTube	https://www.youtube.com/watch?v=Tic1X7_Zk_s	2017年12月20日 ... pop'n music うさぎと猫と少年の夢] LV46.
20191028	95	www.youtube.com	[ポップン] キャンディポップ(CANDY POP) CANDY   EX - YouTube	https://www.youtube.com/watch?v=lgjS3jO7nQE	2017年10月4日 ... [ポップン] キャンディポップ(CANDY POP) CANDY♥ EX. pop'n music Y. Loading... Unsubscribe from pop'n music Y? .... 【音ゲー】不気味&怖い曲ランキングTOP5！！！あなたは最後まで見れますか？ - Duration: 9:05. RUUMA/るうま.
20191028	96	www.youtube.com	音ゲー	https://www.youtube.com/watch?v=eaKvTS6v4qo	2016年11月12日 ... どーもたっしです！ 前回紹介しましたポップンミュージックカードゲーム開封動画の後編です 今回もたっしが壊れます(笑) Twitter @tas_uh.
20191028	97	www.youtube.com	[ポップン]Lv48 INF-B《L-aste-R》 EX - YouTube	https://www.youtube.com/watch?v=nm25UMnD03Y	2018年1月8日 ... pop'n music うさぎと猫と少年の夢 from SOUND VOLTEX FLOOR INFECTION かねこちはる.
20191028	98	www.youtube.com	超久しぶりに音ゲーをやると楽しいけど腕がもたない件w - YouTube	https://www.youtube.com/watch?v=g7NUm4u9t64	2019年10月5日 ... せっかくyoutubeはじめたので５〜6年前に引退したポップンを動画撮りたいが為にやってみましたww 久しぶりにやるとなんか毎日やってたころに比べると楽しいけど腕がついていかないw 楽しむものと考えればいいよねえ！ ・曲名 フロウビート ...
20191028	99	www.youtube.com	DREAMGAZER 「Little prayer」 - YouTube	https://www.youtube.com/watch?v=cSdSjaqWMIQ	Nov 16, 2010 ... Disclaimer: This song is copyrighted by Konami, therefore, I do not own this audio. ~~~ Song Name: Little prayer Artist: 土岐麻子 Genre: DREAMGAZER Game the Song...
20191028	100	www.youtube.com	HEALING POP [HD] 「Element of SPADA LONG」	https://www.youtube.com/watch?v=0JPvmRy8-Fc	2015年3月4日 ... Disclaimer: All copyrights on this song belong to Konami and the great artists that made it. I, TeirusuFX, have no ownership over this audio; and I will not ...
